student_id,question_id,knowledge_point,student_answer,student_work,correct,response_time_sec
S001,Q1,移项与合并同类项,2,"2*x+3=7 -> 2*x=4 -> x=2",true,48
S002,Q1,移项与合并同类项,5,"2*x+3=7 -> 2*x=7+3 -> x=5",false,62
S003,Q1,移项与合并同类项,2,"2*x+3=7 -> 2*x=4 -> x=2",true,44
S004,Q1,移项与合并同类项,5,"2*x+3=7 -> 2*x=7+3 -> x=5",false,71
S005,Q1,移项与合并同类项,2,"2*x+3=7 -> 2*x=4 -> x=2",true,40
S006,Q1,移项与合并同类项,5,"2*x+3=7 -> 2*x=7+3 -> x=5",false,79
S001,Q2,去括号,-6,"4-(x+2)=8 -> 2-x=8 -> x=-6",true,73
S002,Q2,去括号,2,"4-(x+2)=8 -> 4-x+2=8 -> x=2",false,85
S003,Q2,去括号,-6,"4-(x+2)=8 -> 2-x=8 -> x=-6",true,68
S004,Q2,去括号,2,"-(x+2)=-x+2 -> 4-x+2=8 -> x=2",false,92
S005,Q2,去括号,-6,"4-(x+2)=8 -> 2-x=8 -> x=-6",true,66
S006,Q2,去括号,不会,"不会",false,110
S001,Q3,去分母,6,"x/2+1=4 -> x+2=8 -> x=6",true,69
S002,Q3,去分母,7,"x/2+1=4 -> x+1=8 -> x=7",false,81
S003,Q3,去分母,6,"x/2+1=4 -> x+2=8 -> x=6",true,65
S004,Q3,去分母,7,"x/2+1=4 -> x+1=8 -> x=7",false,88
S005,Q3,去分母,6,"x/2+1=4 -> x+2=8 -> x=6",true,60
S006,Q3,去分母,7,"x/2+1=4 -> 只乘一项 -> x+1=8",false,95
S001,Q4,等式基本性质,4,"3*(x+1)=15 -> x+1=5 -> x=4",true,55
S002,Q4,等式基本性质,4,"3*(x+1)=15 -> x+1=5 -> x=4",true,60
S003,Q4,等式基本性质,14,"3*(x+1)=15 -> 3*x+1=15 -> x=14",false,76
S004,Q4,等式基本性质,4,"3*(x+1)=15 -> x+1=5 -> x=4",true,59
S005,Q4,等式基本性质,4,"3*(x+1)=15 -> x+1=5 -> x=4",true,57
S006,Q4,等式基本性质,4,"3*(x+1)=15 -> x+1=5 -> x=4",true,64

