"student_id","question_id","knowledge_point","student_answer","student_work","correct","response_time_sec","linked_pre_question_id"
"S001","IP1","负数乘除与方向","x < -4","-3*x>12 -> x<-4","true","44","I1"
"S002","IP1","负数乘除与方向","x < -4","-3*x>12 -> x<-4","true","51","I1"
"S003","IP1","负数乘除与方向","x < -4","-3*x>12 -> x<-4","true","42","I1"
"S004","IP1","负数乘除与方向","x < -4","-3*x>12 -> x<-4","true","55","I1"
"S005","IP1","负数乘除与方向","x < -4","-3*x>12 -> x<-4","true","43","I1"
"S006","IP1","负数乘除与方向","x > -4","-3*x>12 -> 除以负数方向不变 -> x>-4","false","69","I1"
"S001","IP2","解集端点与数轴","x <= 3","x<=3 -> 实心端点向左","true","40","I2"
"S002","IP2","解集端点与数轴","x <= 3","x<=3 -> 实心端点向左","true","48","I2"
"S003","IP2","解集端点与数轴","x <= 3","x<=3 -> 实心端点向左","true","39","I2"
"S004","IP2","解集端点与数轴","x <= 3","x<=3 -> 实心端点向左","true","46","I2"
"S005","IP2","解集端点与数轴","x < 3","x<=3 -> 非严格不等式画空心","false","59","I2"
"S006","IP2","解集端点与数轴","x <= 3","x<=3 -> 实心端点向左","true","52","I2"
"S001","IP3","不等式解集表示","x > -1","x>-1 -> 空心端点向右","true","43","I3"
"S002","IP3","不等式解集表示","x > -1","x>-1 -> 空心端点向右","true","50","I3"
"S003","IP3","不等式解集表示","x > -1","x>-1 -> 空心端点向右","true","41","I3"
"S004","IP3","不等式解集表示","x > -1","x>-1 -> 空心端点向右","true","47","I3"
"S005","IP3","不等式解集表示","x > -1","x>-1 -> 空心端点向右","true","42","I3"
"S006","IP3","不等式解集表示","x < -1","x>-1 -> 解集方向画反","false","61","I3"
"S001","IP4","移项与合并同类项","x < 5","2*x+1<11 -> 2*x<10 -> x<5","true","45","I4"
"S002","IP4","移项与合并同类项","x < 5","2*x+1<11 -> 2*x<10 -> x<5","true","49","I4"
"S003","IP4","移项与合并同类项","x < 5","2*x+1<11 -> 2*x<10 -> x<5","true","44","I4"
"S004","IP4","移项与合并同类项","x < 5","2*x+1<11 -> 2*x<10 -> x<5","true","50","I4"
"S005","IP4","移项与合并同类项","x < 5","2*x+1<11 -> 2*x<10 -> x<5","true","46","I4"
"S006","IP4","移项与合并同类项","x < 5","2*x+1<11 -> 2*x<10 -> x<5","true","53","I4"
