student_id,question_id,knowledge_point,student_answer,student_work,correct,response_time_sec,declared_error
P001,V1,速度公式,5 m/s,v=s/t,true,60,
P001,V2,单位换算,5 m/s,2 min换算为120 s,true,85,
P001,V3,平均速度,20/3 m/s,总路程除以总时间,true,115,
P002,V1,速度公式,5 m/s,v=s/t,true,50,
P002,V2,单位换算,5 m/s,换算正确,true,75,
P002,V3,平均速度,20/3 m/s,总量计算正确,true,105,
P003,V1,速度公式,5 m/s,补充单位,true,45,
P003,V2,单位换算,5 m/s,分钟换秒正确,true,70,
P003,V3,平均速度,7 m/s,仍直接平均,false,105,平均速度直接取平均
P004,V1,速度公式,5 m/s,公式代入正确,true,45,
P004,V2,单位换算,5 m/s,单位换算正确,true,65,
P004,V3,平均速度,20/3 m/s,总路程除以总时间,true,95,

