"student_id","question_id","knowledge_point","student_answer","student_work","correct","response_time_sec","declared_error","linked_pre_question_id"
"C001","R1","提取人物描写","引用人物冲进雨中的动作","观点和证据完整","true","80","","R1"
"C001","R2","证据解释","这一动作说明他在危险中仍先帮助同伴","解释证据与勇敢的联系","true","105","","R2"
"C001","R3","综合分析","人物勇敢但并非鲁莽并分别举证","双面分析","true","145","","R3"
"C002","R1","提取人物描写","准确引用动作描写","证据准确","true","70","","R1"
"C002","R2","证据解释","证据解释完整","观点证据解释完整","true","95","","R2"
"C002","R3","综合分析","仍以复述情节为主","复述过多","false","145","复述情节代替分析","R3"
"C003","R1","提取人物描写","引用语言描写支持责任感","证据准确","true","65","","R1"
"C003","R2","证据解释","解释证据与观点的联系","推理完整","true","90","","R2"
"C003","R3","综合分析","能够分析性格两个侧面","两处证据支持","true","150","","R3"
"C004","R1","提取人物描写","准确引用动作描写","圈画并分类","true","65","","R1"
"C004","R2","证据解释","解释动作体现的人物选择","解释充分","true","100","","R2"
"C004","R3","综合分析","人物勇敢也谨慎并分别举证","多角度分析","true","140","","R3"
